{
  "project_info": {
    "project_number": "506209153263",
    "firebase_url": "https://profile-papb-default-rtdb.asia-southeast1.firebasedatabase.app",
    "project_id": "profile-papb",
    "storage_bucket": "profile-papb.appspot.com"
  },
  "client": [
    {
      "client_info": {
        "mobilesdk_app_id": "1:506209153263:android:933af5dd5e90a39d33eb1a",
        "android_client_info": {
          "package_name": "com.example.FinalProject"
        }
      },
      "oauth_client": [
        {
          "client_id": "506209153263-6j2gtk6avc8c85gvclan8rgjd34sjk68.apps.googleusercontent.com",
          "client_type": 3
        }
      ],
      "api_key": [
        {
          "current_key": "AIzaSyCI8hXeHOJccjt0m4mScOH8caFzaLzw43I"
        }
      ],
      "services": {
        "appinvite_service": {
          "other_platform_oauth_client": [
            {
              "client_id": "506209153263-6j2gtk6avc8c85gvclan8rgjd34sjk68.apps.googleusercontent.com",
              "client_type": 3
            }
          ]
        }
      }
    },
    {
      "client_info": {
        "mobilesdk_app_id": "1:506209153263:android:c0c104922f6a992133eb1a",
        "android_client_info": {
          "package_name": "com.example.profile"
        }
      },
      "oauth_client": [
        {
          "client_id": "506209153263-6j2gtk6avc8c85gvclan8rgjd34sjk68.apps.googleusercontent.com",
          "client_type": 3
        }
      ],
      "api_key": [
        {
          "current_key": "AIzaSyCI8hXeHOJccjt0m4mScOH8caFzaLzw43I"
        }
      ],
      "services": {
        "appinvite_service": {
          "other_platform_oauth_client": [
            {
              "client_id": "506209153263-6j2gtk6avc8c85gvclan8rgjd34sjk68.apps.googleusercontent.com",
              "client_type": 3
            }
          ]
        }
      }
    }
  ],
  "configuration_version": "1"
}